{"cameraMode":{"drawMode":0,"name":"Shaded","section":"Shading Mode"},"sceneLighting":true,"audioPlay":false,"sceneViewState":{"m_AlwaysRefresh":false,"showFog":true,"showSkybox":true,"showFlares":true,"showImageEffects":true,"showParticleSystems":true,"showVisualEffectGraphs":true,"m_FxEnabled":true},"in2DMode":false,"pivot":{"x":-13.519554138183594,"y":10.534980773925782,"z":-62.99223327636719},"rotation":{"x":0.13400451838970185,"y":-0.005934222601354122,"z":0.0008561414433643222,"w":0.9910629987716675},"size":12.658458709716797,"orthographic":true}