{"cameraMode":{"drawMode":0,"name":"Shaded","section":"Shading Mode"},"sceneLighting":true,"audioPlay":false,"sceneViewState":{"m_AlwaysRefresh":false,"showFog":true,"showSkybox":true,"showFlares":true,"showImageEffects":true,"showParticleSystems":true,"showVisualEffectGraphs":true,"m_FxEnabled":true},"in2DMode":false,"pivot":{"x":1.6221765279769898,"y":3.9128952026367189,"z":-62.24102783203125},"rotation":{"x":0.32912203669548037,"y":0.01133109163492918,"z":-0.003949666861444712,"w":0.9442133903503418},"size":23.446622848510743,"orthographic":true}