{"cameraMode":{"drawMode":0,"name":"Shaded","section":"Shading Mode"},"sceneLighting":true,"audioPlay":false,"sceneViewState":{"m_AlwaysRefresh":false,"showFog":true,"showSkybox":true,"showFlares":true,"showImageEffects":true,"showParticleSystems":true,"showVisualEffectGraphs":true,"m_FxEnabled":true},"in2DMode":false,"pivot":{"x":-9.043221473693848,"y":5.680269241333008,"z":-68.6004638671875},"rotation":{"x":0.43443724513053896,"y":-0.005375789012759924,"z":0.002663603750988841,"w":0.9007382392883301},"size":1.9205907583236695,"orthographic":true}