{"cameraMode":{"drawMode":0,"name":"Shaded","section":"Shading Mode"},"sceneLighting":true,"audioPlay":false,"sceneViewState":{"m_AlwaysRefresh":false,"showFog":true,"showSkybox":true,"showFlares":true,"showImageEffects":true,"showParticleSystems":true,"showVisualEffectGraphs":true,"m_FxEnabled":true},"in2DMode":false,"pivot":{"x":-4.263608932495117,"y":9.524242401123047,"z":-54.71458435058594},"rotation":{"x":0.33198627829551699,"y":-0.005636480171233416,"z":0.0020555562805384399,"w":0.9433172941207886},"size":9.418994903564454,"orthographic":true}